cluster_id,canonical,filename,path,distance_to_canonical
0,american-ginseng.png,1989Recommendation.htm.png,folklife-screens-x/1989Recommendation.htm.png,0.472564
0,american-ginseng.png,abeita.htm.png,folklife-screens-x/abeita.htm.png,0.472564
0,american-ginseng.png,acknowledgements.htm.png,folklife-screens-x/acknowledgements.htm.png,0.472564
0,american-ginseng.png,actionplan.htm.png,folklife-screens-x/actionplan.htm.png,0.472564
0,american-ginseng.png,actionplan_french.htm.png,folklife-screens-x/actionplan_french.htm.png,0.472564
0,american-ginseng.png,actionplan_spanish.htm.png,folklife-screens-x/actionplan_spanish.htm.png,0.472564
0,american-ginseng.png,advisory-council_smithsonian.png,folklife-screens-x/advisory-council_smithsonian.png,0.219203
0,american-ginseng.png,african-american-craft.png,folklife-screens-x/african-american-craft.png,0.276482
0,american-ginseng.png,aikawa.htm.png,folklife-screens-x/aikawa.htm.png,0.472564
0,american-ginseng.png,american-ginseng.png,folklife-screens-x/american-ginseng.png,0.000000
0,american-ginseng.png,archive.png,folklife-screens-x/archive.png,0.472564
0,american-ginseng.png,archives-and-resources_alma-mater-recording-co-audio-recordings.png,folklife-screens-x/archives-and-resources_alma-mater-recording-co-audio-recordings.png,0.354601
0,american-ginseng.png,archives-and-resources_arthur-m-greenhall-collection.png,folklife-screens-x/archives-and-resources_arthur-m-greenhall-collection.png,0.335395
0,american-ginseng.png,archives-and-resources_blue-ridge-institute-records.png,folklife-screens-x/archives-and-resources_blue-ridge-institute-records.png,0.337900
0,american-ginseng.png,archives-and-resources_bobby-susser-songs-for-children-records.png,folklife-screens-x/archives-and-resources_bobby-susser-songs-for-children-records.png,0.367601
0,american-ginseng.png,archives-and-resources_bruce-mondschain-photographs.png,folklife-screens-x/archives-and-resources_bruce-mondschain-photographs.png,0.346267
0,american-ginseng.png,archives-and-resources_charles-m-bogert-audio-recordings.png,folklife-screens-x/archives-and-resources_charles-m-bogert-audio-recordings.png,0.323219
0,american-ginseng.png,archives-and-resources_collector-records-business-records.png,folklife-screens-x/archives-and-resources_collector-records-business-records.png,0.330159
0,american-ginseng.png,archives-and-resources_cook-labs-records.png,folklife-screens-x/archives-and-resources_cook-labs-records.png,0.310486
0,american-ginseng.png,archives-and-resources_curatorial-research-programs-and-projects.png,folklife-screens-x/archives-and-resources_curatorial-research-programs-and-projects.png,0.365459
0,american-ginseng.png,archives-and-resources_diana-davies-photographs.png,folklife-screens-x/archives-and-resources_diana-davies-photographs.png,0.301238
0,american-ginseng.png,archives-and-resources_dyer-bennet-audio-recordings.png,folklife-screens-x/archives-and-resources_dyer-bennet-audio-recordings.png,0.342841
0,american-ginseng.png,archives-and-resources_eric-h-davidson-audio-recordings.png,folklife-screens-x/archives-and-resources_eric-h-davidson-audio-recordings.png,0.286550
0,american-ginseng.png,archives-and-resources_fast-folk-musical-magazine-records.png,folklife-screens-x/archives-and-resources_fast-folk-musical-magazine-records.png,0.321346
0,american-ginseng.png,archives-and-resources_frederic-ramsey-audio-recordings-collection.png,folklife-screens-x/archives-and-resources_frederic-ramsey-audio-recordings-collection.png,0.365306
0,american-ginseng.png,archives-and-resources_gambier-folklore-society-collection.png,folklife-screens-x/archives-and-resources_gambier-folklore-society-collection.png,0.337338
0,american-ginseng.png,archives-and-resources_george-margitich-audio-recordings.png,folklife-screens-x/archives-and-resources_george-margitich-audio-recordings.png,0.341115
0,american-ginseng.png,archives-and-resources_harry-urata-audio-recordings.png,folklife-screens-x/archives-and-resources_harry-urata-audio-recordings.png,0.304596
0,american-ginseng.png,archives-and-resources_j-scott-odell-folk-music-collection.png,folklife-screens-x/archives-and-resources_j-scott-odell-folk-music-collection.png,0.294745
0,american-ginseng.png,archives-and-resources_john-reynolds-collection.png,folklife-screens-x/archives-and-resources_john-reynolds-collection.png,0.358650
0,american-ginseng.png,archives-and-resources_lee-hays-papers.png,folklife-screens-x/archives-and-resources_lee-hays-papers.png,0.321521
0,american-ginseng.png,archives-and-resources_lily-spandorf-drawings.png,folklife-screens-x/archives-and-resources_lily-spandorf-drawings.png,0.325402
0,american-ginseng.png,archives-and-resources_london-library.png,folklife-screens-x/archives-and-resources_london-library.png,0.343051
0,american-ginseng.png,archives-and-resources_monitor-records-business-records.png,folklife-screens-x/archives-and-resources_monitor-records-business-records.png,0.341563
0,american-ginseng.png,archives-and-resources_more-audio-recordings.png,folklife-screens-x/archives-and-resources_more-audio-recordings.png,0.353819
0,american-ginseng.png,archives-and-resources_moses-and-frances-asch-collection_smithsonian.png,folklife-screens-x/archives-and-resources_moses-and-frances-asch-collection_smithsonian.png,0.309043
0,american-ginseng.png,archives-and-resources_paredon-records-audio-recordings.png,folklife-screens-x/archives-and-resources_paredon-records-audio-recordings.png,0.301956
0,american-ginseng.png,archives-and-resources_ralph-rinzler-papers-and-audio-recordings.png,folklife-screens-x/archives-and-resources_ralph-rinzler-papers-and-audio-recordings.png,0.312291
0,american-ginseng.png,archives-and-resources_richard-meyer-audio-recordings.png,folklife-screens-x/archives-and-resources_richard-meyer-audio-recordings.png,0.338347
0,american-ginseng.png,archives-and-resources_robert-c-malone-photographs.png,folklife-screens-x/archives-and-resources_robert-c-malone-photographs.png,0.358878
0,american-ginseng.png,archives-and-resources_robert-yellin-photographs.png,folklife-screens-x/archives-and-resources_robert-yellin-photographs.png,0.347128
0,american-ginseng.png,archives-and-resources_smithsonian-folklife-festival-records.png,folklife-screens-x/archives-and-resources_smithsonian-folklife-festival-records.png,0.293902
0,american-ginseng.png,archives-and-resources_smithsonian-folkways-recordings-business-records.png,folklife-screens-x/archives-and-resources_smithsonian-folkways-recordings-business-records.png,0.324448
0,american-ginseng.png,archives-and-resources_tom-wisner-papers.png,folklife-screens-x/archives-and-resources_tom-wisner-papers.png,0.309027
0,american-ginseng.png,archives-and-resources_unesco-collection-of-traditional-music-of-the-world-records.png,folklife-screens-x/archives-and-resources_unesco-collection-of-traditional-music-of-the-world-records.png,0.309546
0,american-ginseng.png,archives-and-resources_verna-gillis-audio-recordings.png,folklife-screens-x/archives-and-resources_verna-gillis-audio-recordings.png,0.311561
0,american-ginseng.png,archives-and-resources_woody-guthrie-papers_smithsonian.png,folklife-screens-x/archives-and-resources_woody-guthrie-papers_smithsonian.png,0.364943
0,american-ginseng.png,archives.png,folklife-screens-x/archives.png,0.290454
0,american-ginseng.png,archives_shared-stewardship-ethical-returns.png,folklife-screens-x/archives_shared-stewardship-ethical-returns.png,0.354615
0,american-ginseng.png,asian-america.png,folklife-screens-x/asian-america.png,0.302384
0,american-ginseng.png,authors_alexa-nickandros.png,folklife-screens-x/authors_alexa-nickandros.png,0.350153
0,american-ginseng.png,authors_amanda-ellard.png,folklife-screens-x/authors_amanda-ellard.png,0.350814
0,american-ginseng.png,authors_amanda-holmes-duffy.png,folklife-screens-x/authors_amanda-holmes-duffy.png,0.387946
0,american-ginseng.png,authors_amber-long.png,folklife-screens-x/authors_amber-long.png,0.307294
0,american-ginseng.png,authors_amelia-tseng.png,folklife-screens-x/authors_amelia-tseng.png,0.418697
0,american-ginseng.png,authors_amy-horowitz.png,folklife-screens-x/authors_amy-horowitz.png,0.299940
0,american-ginseng.png,authors_andrea-mayorga.png,folklife-screens-x/authors_andrea-mayorga.png,0.418456
0,american-ginseng.png,authors_anne-pedersen.png,folklife-screens-x/authors_anne-pedersen.png,0.321358
0,american-ginseng.png,authors_anne-rappaport.png,folklife-screens-x/authors_anne-rappaport.png,0.392651
0,american-ginseng.png,authors_antonio-jorge-medeiros-batista-silva.png,folklife-screens-x/authors_antonio-jorge-medeiros-batista-silva.png,0.413609
0,american-ginseng.png,authors_astrid-stephenson.png,folklife-screens-x/authors_astrid-stephenson.png,0.384423
0,american-ginseng.png,authors_benedict-cook.png,folklife-screens-x/authors_benedict-cook.png,0.400544
0,american-ginseng.png,authors_betty-belanus.png,folklife-screens-x/authors_betty-belanus.png,0.241386
0,american-ginseng.png,authors_biying-ma.png,folklife-screens-x/authors_biying-ma.png,0.366285
0,american-ginseng.png,authors_brianna-melgar.png,folklife-screens-x/authors_brianna-melgar.png,0.388848
0,american-ginseng.png,authors_cassie-roshu.png,folklife-screens-x/authors_cassie-roshu.png,0.401744
0,american-ginseng.png,authors_cecilia-peterson.png,folklife-screens-x/authors_cecilia-peterson.png,0.261937
0,american-ginseng.png,authors_charleen-smith-riedel.png,folklife-screens-x/authors_charleen-smith-riedel.png,0.271011
0,american-ginseng.png,authors_claire-smith.png,folklife-screens-x/authors_claire-smith.png,0.403215
0,american-ginseng.png,authors_crystal-rie.png,folklife-screens-x/authors_crystal-rie.png,0.307288
0,american-ginseng.png,authors_daniel-sheehy.png,folklife-screens-x/authors_daniel-sheehy.png,0.246268
0,american-ginseng.png,authors_daria-boltokova.png,folklife-screens-x/authors_daria-boltokova.png,0.390466
0,american-ginseng.png,authors_dawa-drolma.png,folklife-screens-x/authors_dawa-drolma.png,0.347725
0,american-ginseng.png,authors_drukmo-gyal.png,folklife-screens-x/authors_drukmo-gyal.png,0.399771
0,american-ginseng.png,authors_ella-ryan.png,folklife-screens-x/authors_ella-ryan.png,0.322877
0,american-ginseng.png,authors_emily-buhrow-rogers.png,folklife-screens-x/authors_emily-buhrow-rogers.png,0.247302
0,american-ginseng.png,authors_emily-hilliard.png,folklife-screens-x/authors_emily-hilliard.png,0.343510
0,american-ginseng.png,authors_emma-cieslik.png,folklife-screens-x/authors_emma-cieslik.png,0.233710
0,american-ginseng.png,authors_eowyn-stewart.png,folklife-screens-x/authors_eowyn-stewart.png,0.329935
0,american-ginseng.png,authors_eric-galm.png,folklife-screens-x/authors_eric-galm.png,0.400051
0,american-ginseng.png,authors_erin-younger.png,folklife-screens-x/authors_erin-younger.png,0.323181
0,american-ginseng.png,authors_francesca-du-brock.png,folklife-screens-x/authors_francesca-du-brock.png,0.329131
0,american-ginseng.png,authors_gabe-silverstein-rivera.png,folklife-screens-x/authors_gabe-silverstein-rivera.png,0.391661
0,american-ginseng.png,authors_guest-writer.png,folklife-screens-x/authors_guest-writer.png,0.350697
0,american-ginseng.png,authors_gwen-mallow.png,folklife-screens-x/authors_gwen-mallow.png,0.393857
0,american-ginseng.png,authors_haili-francis.png,folklife-screens-x/authors_haili-francis.png,0.345901
0,american-ginseng.png,authors_hali-dardar.png,folklife-screens-x/authors_hali-dardar.png,0.246082
0,american-ginseng.png,authors_hannah-julia-davis.png,folklife-screens-x/authors_hannah-julia-davis.png,0.344824
0,american-ginseng.png,authors_henry-lesperance.png,folklife-screens-x/authors_henry-lesperance.png,0.402752
0,american-ginseng.png,authors_hope-zhu.png,folklife-screens-x/authors_hope-zhu.png,0.395120
0,american-ginseng.png,authors_huib-schippers.png,folklife-screens-x/authors_huib-schippers.png,0.349869
0,american-ginseng.png,authors_hyein-hazel-lee.png,folklife-screens-x/authors_hyein-hazel-lee.png,0.408072
0,american-ginseng.png,authors_igor-xoyon.png,folklife-screens-x/authors_igor-xoyon.png,0.401095
0,american-ginseng.png,authors_isabel-spiegel.png,folklife-screens-x/authors_isabel-spiegel.png,0.318867
0,american-ginseng.png,authors_jaiha-lee.png,folklife-screens-x/authors_jaiha-lee.png,0.396407
0,american-ginseng.png,authors_james-deutsch.png,folklife-screens-x/authors_james-deutsch.png,0.248761
0,american-ginseng.png,authors_james-early.png,folklife-screens-x/authors_james-early.png,0.336654
0,american-ginseng.png,authors_jane-chu.png,folklife-screens-x/authors_jane-chu.png,0.287914
0,american-ginseng.png,authors_jc-gibbs.png,folklife-screens-x/authors_jc-gibbs.png,0.407105
0,american-ginseng.png,authors_jean-young.png,folklife-screens-x/authors_jean-young.png,0.396934
0,american-ginseng.png,authors_jennie-tiderman-osterberg.png,folklife-screens-x/authors_jennie-tiderman-osterberg.png,0.311982
0,american-ginseng.png,authors_jennifer-m-everett.png,folklife-screens-x/authors_jennifer-m-everett.png,0.395613
0,american-ginseng.png,authors_jessie-m-vallejo.png,folklife-screens-x/authors_jessie-m-vallejo.png,0.281542
0,american-ginseng.png,authors_joan-hua.png,folklife-screens-x/authors_joan-hua.png,0.402701
0,american-ginseng.png,authors_joe-alonso.png,folklife-screens-x/authors_joe-alonso.png,0.409841
0,american-ginseng.png,authors_jonathan-williger.png,folklife-screens-x/authors_jonathan-williger.png,0.341830
0,american-ginseng.png,authors_jorge-g-f-moreno-soto.png,folklife-screens-x/authors_jorge-g-f-moreno-soto.png,0.413222
0,american-ginseng.png,authors_jose-gonzalez.png,folklife-screens-x/authors_jose-gonzalez.png,0.332917
0,american-ginseng.png,authors_josi-miller.png,folklife-screens-x/authors_josi-miller.png,0.360687
0,american-ginseng.png,authors_julian-saporiti.png,folklife-screens-x/authors_julian-saporiti.png,0.353246
0,american-ginseng.png,authors_juliette-murphy.png,folklife-screens-x/authors_juliette-murphy.png,0.390185
0,american-ginseng.png,authors_kaitlyn-mcconnell.png,folklife-screens-x/authors_kaitlyn-mcconnell.png,0.402065
0,american-ginseng.png,authors_kamryn-z-bess.png,folklife-screens-x/authors_kamryn-z-bess.png,0.306829
0,american-ginseng.png,authors_kimberley-watson.png,folklife-screens-x/authors_kimberley-watson.png,0.403507
0,american-ginseng.png,authors_kirby-ewald.png,folklife-screens-x/authors_kirby-ewald.png,0.270912
0,american-ginseng.png,authors_kyle-baker.png,folklife-screens-x/authors_kyle-baker.png,0.395898
0,american-ginseng.png,authors_lauren-safranek.png,folklife-screens-x/authors_lauren-safranek.png,0.388285
0,american-ginseng.png,authors_lena-pham.png,folklife-screens-x/authors_lena-pham.png,0.399924
0,american-ginseng.png,authors_lesli-robertson.png,folklife-screens-x/authors_lesli-robertson.png,0.310416
0,american-ginseng.png,authors_liana-aghajanian.png,folklife-screens-x/authors_liana-aghajanian.png,0.396519
0,american-ginseng.png,authors_lily-horne.png,folklife-screens-x/authors_lily-horne.png,0.408226
0,american-ginseng.png,authors_lindsey-max.png,folklife-screens-x/authors_lindsey-max.png,0.408978
0,american-ginseng.png,authors_maddie-vanoostenburg.png,folklife-screens-x/authors_maddie-vanoostenburg.png,0.237079
0,american-ginseng.png,authors_mali-obomsawin.png,folklife-screens-x/authors_mali-obomsawin.png,0.333944
0,american-ginseng.png,authors_mariangel-villalobos.png,folklife-screens-x/authors_mariangel-villalobos.png,0.301705
0,american-ginseng.png,authors_mariel-tabachnick.png,folklife-screens-x/authors_mariel-tabachnick.png,0.296394
0,american-ginseng.png,authors_marjorie-hunt.png,folklife-screens-x/authors_marjorie-hunt.png,0.358089
0,american-ginseng.png,authors_maya-sanchez.png,folklife-screens-x/authors_maya-sanchez.png,0.302880
0,american-ginseng.png,authors_meda-dewitt.png,folklife-screens-x/authors_meda-dewitt.png,0.390710
0,american-ginseng.png,authors_monique-marie-cummings.png,folklife-screens-x/authors_monique-marie-cummings.png,0.336475
0,american-ginseng.png,authors_mu-qian.png,folklife-screens-x/authors_mu-qian.png,0.336956
0,american-ginseng.png,authors_nadya-ellerhorst.png,folklife-screens-x/authors_nadya-ellerhorst.png,0.306968
0,american-ginseng.png,authors_nana-meparishvili.png,folklife-screens-x/authors_nana-meparishvili.png,0.366386
0,american-ginseng.png,authors_natalie-amador-solis.png,folklife-screens-x/authors_natalie-amador-solis.png,0.386640
0,american-ginseng.png,authors_patricia-abdelnour.png,folklife-screens-x/authors_patricia-abdelnour.png,0.333468
0,american-ginseng.png,authors_pete-reiniger.png,folklife-screens-x/authors_pete-reiniger.png,0.384464
0,american-ginseng.png,authors_rachel-j-lee.png,folklife-screens-x/authors_rachel-j-lee.png,0.338856
0,american-ginseng.png,authors_rebecca-fenton.png,folklife-screens-x/authors_rebecca-fenton.png,0.323788
0,american-ginseng.png,authors_rebecca-west.png,folklife-screens-x/authors_rebecca-west.png,0.334445
0,american-ginseng.png,authors_richard-kurin.png,folklife-screens-x/authors_richard-kurin.png,0.304712
0,american-ginseng.png,authors_riley-board.png,folklife-screens-x/authors_riley-board.png,0.314954
0,american-ginseng.png,authors_roland-keates.png,folklife-screens-x/authors_roland-keates.png,0.399308
0,american-ginseng.png,authors_sally-van-de-water.png,folklife-screens-x/authors_sally-van-de-water.png,0.324920
0,american-ginseng.png,authors_samantha-beach-sinagra.png,folklife-screens-x/authors_samantha-beach-sinagra.png,0.359528
0,american-ginseng.png,authors_samtso-kyi.png,folklife-screens-x/authors_samtso-kyi.png,0.316759
0,american-ginseng.png,authors_sarah-federman.png,folklife-screens-x/authors_sarah-federman.png,0.325359
0,american-ginseng.png,authors_sean-tomlinson.png,folklife-screens-x/authors_sean-tomlinson.png,0.414952
0,american-ginseng.png,authors_sharon-nelson.png,folklife-screens-x/authors_sharon-nelson.png,0.387057
0,american-ginseng.png,authors_sloane-keller.png,folklife-screens-x/authors_sloane-keller.png,0.261255
0,american-ginseng.png,authors_sojin-kim.png,folklife-screens-x/authors_sojin-kim.png,0.277963
0,american-ginseng.png,authors_soraya-keiser.png,folklife-screens-x/authors_soraya-keiser.png,0.351089
0,american-ginseng.png,authors_sunny-jain.png,folklife-screens-x/authors_sunny-jain.png,0.408677
0,american-ginseng.png,authors_thanvi-thodati.png,folklife-screens-x/authors_thanvi-thodati.png,0.404932
0,american-ginseng.png,authors_tia-merotto.png,folklife-screens-x/authors_tia-merotto.png,0.284729
0,american-ginseng.png,authors_ty-juana-taylor.png,folklife-screens-x/authors_ty-juana-taylor.png,0.404182
0,american-ginseng.png,authors_yingying-yang.png,folklife-screens-x/authors_yingying-yang.png,0.396504
0,american-ginseng.png,authors_yu-lha.png,folklife-screens-x/authors_yu-lha.png,0.407322
0,american-ginseng.png,authors_yuliya-gluhova.png,folklife-screens-x/authors_yuliya-gluhova.png,0.340102
0,american-ginseng.png,authors_zachary-tumlin.png,folklife-screens-x/authors_zachary-tumlin.png,0.390913
0,american-ginseng.png,authors_zanta.png,folklife-screens-x/authors_zanta.png,0.402013
0,american-ginseng.png,authors_zoe-tribur.png,folklife-screens-x/authors_zoe-tribur.png,0.399089
0,american-ginseng.png,authors_zubair-torwali.png,folklife-screens-x/authors_zubair-torwali.png,0.395026
0,american-ginseng.png,bancroft.htm.png,folklife-screens-x/bancroft.htm.png,0.472564
0,american-ginseng.png,berman.htm.png,folklife-screens-x/berman.htm.png,0.472564
0,american-ginseng.png,blake.htm.png,folklife-screens-x/blake.htm.png,0.472564
0,american-ginseng.png,borisova.htm.png,folklife-screens-x/borisova.htm.png,0.472564
0,american-ginseng.png,bouchenakiaddress.htm.png,folklife-screens-x/bouchenakiaddress.htm.png,0.472564
0,american-ginseng.png,building-arts-and-traditional-architecture.png,folklife-screens-x/building-arts-and-traditional-architecture.png,0.259637
0,american-ginseng.png,collier.htm.png,folklife-screens-x/collier.htm.png,0.472564
0,american-ginseng.png,contact_smithsonian.png,folklife-screens-x/contact_smithsonian.png,0.449439
0,american-ginseng.png,contributors.htm.png,folklife-screens-x/contributors.htm.png,0.472564
0,american-ginseng.png,cultural-heritage-policy_ICH_about_smithsonian.png,folklife-screens-x/cultural-heritage-policy_ICH_about_smithsonian.png,0.365779
0,american-ginseng.png,cultural-heritage-policy_ICH_events_smithsonian.png,folklife-screens-x/cultural-heritage-policy_ICH_events_smithsonian.png,0.294670
0,american-ginseng.png,cultural-heritage-policy_ICH_resources_smithsonian.png,folklife-screens-x/cultural-heritage-policy_ICH_resources_smithsonian.png,0.290479
0,american-ginseng.png,cultural-heritage-policy_ICH_smithsonian.png,folklife-screens-x/cultural-heritage-policy_ICH_smithsonian.png,0.346042
0,american-ginseng.png,cultural-heritage-policy_ICH_video_smithsonian.png,folklife-screens-x/cultural-heritage-policy_ICH_video_smithsonian.png,0.253866
0,american-ginseng.png,cultural-heritage-tourism.png,folklife-screens-x/cultural-heritage-tourism.png,0.334930
0,american-ginseng.png,cultural-heritage-tourism_uplift-north-carolina.png,folklife-screens-x/cultural-heritage-tourism_uplift-north-carolina.png,0.318806
0,american-ginseng.png,cultural-industries-initiatives.png,folklife-screens-x/cultural-industries-initiatives.png,0.288297
0,american-ginseng.png,cultural-sustainability-research-group_smithsonian.png,folklife-screens-x/cultural-sustainability-research-group_smithsonian.png,0.412155
0,american-ginseng.png,cultural-sustainability.png,folklife-screens-x/cultural-sustainability.png,0.335272
0,american-ginseng.png,cultural-sustainability_smithsonian-artisan-initiative_projects_smithsonian.png,folklife-screens-x/cultural-sustainability_smithsonian-artisan-initiative_projects_smithsonian.png,0.472564
0,american-ginseng.png,cultural-sustainability_smithsonian-artisan-initiative_smithsonian.png,folklife-screens-x/cultural-sustainability_smithsonian-artisan-initiative_smithsonian.png,0.241712
0,american-ginseng.png,cultural-vitality.png,folklife-screens-x/cultural-vitality.png,0.335272
0,american-ginseng.png,dacunha.htm.png,folklife-screens-x/dacunha.htm.png,0.472564
0,american-ginseng.png,education.png,folklife-screens-x/education.png,0.293880
0,american-ginseng.png,elhouda.htm.png,folklife-screens-x/elhouda.htm.png,0.472564
0,american-ginseng.png,elhouda_eng.htm.png,folklife-screens-x/elhouda_eng.htm.png,0.472564
0,american-ginseng.png,fellowships_smithsonian.png,folklife-screens-x/fellowships_smithsonian.png,0.453375
0,american-ginseng.png,finalreport_eng.htm.png,folklife-screens-x/finalreport_eng.htm.png,0.472564
0,american-ginseng.png,finalreport_french.htm.png,folklife-screens-x/finalreport_french.htm.png,0.472564
0,american-ginseng.png,finalreport_spanish.htm.png,folklife-screens-x/finalreport_spanish.htm.png,0.472564
0,american-ginseng.png,folklife.si.edu_magazine_basketry-traditions-southwest-china.png,folklife-screens-x/folklife.si.edu_magazine_basketry-traditions-southwest-china.png,0.472564
0,american-ginseng.png,folklife@si.edu.png,folklife-screens-x/folklife@si.edu.png,0.472564
0,american-ginseng.png,freedom-sounds_smithsonian.png,folklife-screens-x/freedom-sounds_smithsonian.png,0.303767
0,american-ginseng.png,garba.htm.png,folklife-screens-x/garba.htm.png,0.472564
0,american-ginseng.png,garba_eng.htm.png,folklife-screens-x/garba_eng.htm.png,0.472564
0,american-ginseng.png,homepage.png,folklife-screens-x/homepage.png,0.348792
0,american-ginseng.png,hoppal.htm.png,folklife-screens-x/hoppal.htm.png,0.472564
0,american-ginseng.png,hornedo.htm.png,folklife-screens-x/hornedo.htm.png,0.472564
0,american-ginseng.png,immigration-and-migration_smithsonian.png,folklife-screens-x/immigration-and-migration_smithsonian.png,0.360283
0,american-ginseng.png,jobs.png,folklife-screens-x/jobs.png,0.361895
0,american-ginseng.png,join.png,folklife-screens-x/join.png,0.422879
0,american-ginseng.png,kawada.htm.png,folklife-screens-x/kawada.htm.png,0.472564
0,american-ginseng.png,kirkinen.htm.png,folklife-screens-x/kirkinen.htm.png,0.472564
0,american-ginseng.png,koch.htm.png,folklife-screens-x/koch.htm.png,0.472564
0,american-ginseng.png,kouyate.htm.png,folklife-screens-x/kouyate.htm.png,0.472564
0,american-ginseng.png,kouyate_eng.htm.png,folklife-screens-x/kouyate_eng.htm.png,0.472564
0,american-ginseng.png,kurin.htm.png,folklife-screens-x/kurin.htm.png,0.472564
0,american-ginseng.png,lag-zo.png,folklife-screens-x/lag-zo.png,0.326088
0,american-ginseng.png,language-vitality-initiative.png,folklife-screens-x/language-vitality-initiative.png,0.293255
0,american-ginseng.png,legacy-honorees_ralph-rinzler_smithsonian.png,folklife-screens-x/legacy-honorees_ralph-rinzler_smithsonian.png,0.270155
0,american-ginseng.png,legacy-honorees_smithsonian.png,folklife-screens-x/legacy-honorees_smithsonian.png,0.368292
0,american-ginseng.png,magazine.png,folklife-screens-x/magazine.png,0.246642
0,american-ginseng.png,magazine_10-surprising-things-about-american-ginseng.png,folklife-screens-x/magazine_10-surprising-things-about-american-ginseng.png,0.283716
0,american-ginseng.png,magazine_a-curators-travelogue-in-west-bengal.png,folklife-screens-x/magazine_a-curators-travelogue-in-west-bengal.png,0.227642
0,american-ginseng.png,magazine_a-ladino-legacy-flory-jagoda-and-her-accordion.png,folklife-screens-x/magazine_a-ladino-legacy-flory-jagoda-and-her-accordion.png,0.319888
0,american-ginseng.png,magazine_a-life-12-dollars.png,folklife-screens-x/magazine_a-life-12-dollars.png,0.280156
0,american-ginseng.png,magazine_adeyemi-michael-black-british-film.png,folklife-screens-x/magazine_adeyemi-michael-black-british-film.png,0.277595
0,american-ginseng.png,magazine_african-american-craft-organization-think-tank-black-voices.png,folklife-screens-x/magazine_african-american-craft-organization-think-tank-black-voices.png,0.250048
0,american-ginseng.png,magazine_afrofuturism-folklore-nalo-hopkinson-speculative-fiction.png,folklife-screens-x/magazine_afrofuturism-folklore-nalo-hopkinson-speculative-fiction.png,0.348531
0,american-ginseng.png,magazine_afrolatinidad-elexia-alleyne-poetry.png,folklife-screens-x/magazine_afrolatinidad-elexia-alleyne-poetry.png,0.284311
0,american-ginseng.png,magazine_alicia-d-williams-reviving-storytelling.png,folklife-screens-x/magazine_alicia-d-williams-reviving-storytelling.png,0.259552
0,american-ginseng.png,magazine_antakya-turkey-earthquake-restoration.png,folklife-screens-x/magazine_antakya-turkey-earthquake-restoration.png,0.275798
0,american-ginseng.png,magazine_appalachian-folk-magic.png,folklife-screens-x/magazine_appalachian-folk-magic.png,0.260120
0,american-ginseng.png,magazine_argentina-unofficial-anthem-world-cup.png,folklife-screens-x/magazine_argentina-unofficial-anthem-world-cup.png,0.266067
0,american-ginseng.png,magazine_art-of-rebellion-baby-doll-masquerade-trinidad-and-tobago-carnival.png,folklife-screens-x/magazine_art-of-rebellion-baby-doll-masquerade-trinidad-and-tobago-carnival.png,0.232518
0,american-ginseng.png,magazine_art-voice-acting.png,folklife-screens-x/magazine_art-voice-acting.png,0.249395
0,american-ginseng.png,magazine_artistry-african-american-ancestry.png,folklife-screens-x/magazine_artistry-african-american-ancestry.png,0.261253
0,american-ginseng.png,magazine_ashley-minner-lumbee-indians-baltimore.png,folklife-screens-x/magazine_ashley-minner-lumbee-indians-baltimore.png,0.244254
0,american-ginseng.png,magazine_asian-american-chefs-shaping-dc-culinary-landscape.png,folklife-screens-x/magazine_asian-american-chefs-shaping-dc-culinary-landscape.png,0.293280
0,american-ginseng.png,magazine_asian-american-voting-stories.png,folklife-screens-x/magazine_asian-american-voting-stories.png,0.236089
0,american-ginseng.png,magazine_asian-american-women-agriculture.png,folklife-screens-x/magazine_asian-american-women-agriculture.png,0.244033
0,american-ginseng.png,magazine_australian-first-nations-philosophy-poetry.png,folklife-screens-x/magazine_australian-first-nations-philosophy-poetry.png,0.267711
0,american-ginseng.png,magazine_authentic-korean-bulgogi-recipe.png,folklife-screens-x/magazine_authentic-korean-bulgogi-recipe.png,0.279738
0,american-ginseng.png,magazine_band-kids-never-grow-up-umass-marching-band.png,folklife-screens-x/magazine_band-kids-never-grow-up-umass-marching-band.png,0.223006
0,american-ginseng.png,magazine_basabali-ngrayaang-pahlawan-lokal.png,folklife-screens-x/magazine_basabali-ngrayaang-pahlawan-lokal.png,0.270469
0,american-ginseng.png,magazine_beau-mccall-button-man.png,folklife-screens-x/magazine_beau-mccall-button-man.png,0.272609
0,american-ginseng.png,magazine_beautiful-monsters-elizabeth-acevedo-poetry.png,folklife-screens-x/magazine_beautiful-monsters-elizabeth-acevedo-poetry.png,0.278189
0,american-ginseng.png,magazine_bernice-johnson-reagon-legacy.png,folklife-screens-x/magazine_bernice-johnson-reagon-legacy.png,0.278219
0,american-ginseng.png,magazine_billy-luther-frybread-face-and-me.png,folklife-screens-x/magazine_billy-luther-frybread-face-and-me.png,0.240746
0,american-ginseng.png,magazine_birds-of-400-words-los-cenzontles.png,folklife-screens-x/magazine_birds-of-400-words-los-cenzontles.png,0.282695
0,american-ginseng.png,magazine_black-hair-identity.png,folklife-screens-x/magazine_black-hair-identity.png,0.271615
0,american-ginseng.png,magazine_black-history-in-roots-reggae-music.png,folklife-screens-x/magazine_black-history-in-roots-reggae-music.png,0.235456
0,american-ginseng.png,magazine_black-self-affirmation-music-fashion.png,folklife-screens-x/magazine_black-self-affirmation-music-fashion.png,0.265508
0,american-ginseng.png,magazine_blue-calico-cloth-nantong-china.png,folklife-screens-x/magazine_blue-calico-cloth-nantong-china.png,0.283295
0,american-ginseng.png,magazine_blue-calico-cloth-nantong-chinese.png,folklife-screens-x/magazine_blue-calico-cloth-nantong-chinese.png,0.272275
0,american-ginseng.png,magazine_bluegrass-underground-missouri-show-caves.png,folklife-screens-x/magazine_bluegrass-underground-missouri-show-caves.png,0.227809
0,american-ginseng.png,magazine_bobbie-gentry-ode-to-billie-joe.png,folklife-screens-x/magazine_bobbie-gentry-ode-to-billie-joe.png,0.269914
0,american-ginseng.png,magazine_calypso-music-trinidad-and-tobago.png,folklife-screens-x/magazine_calypso-music-trinidad-and-tobago.png,0.243559
0,american-ginseng.png,magazine_catalan-fishermen-retirement-palamos.png,folklife-screens-x/magazine_catalan-fishermen-retirement-palamos.png,0.228946
0,american-ginseng.png,magazine_celebrate-diversity-heritage-fellows-map.png,folklife-screens-x/magazine_celebrate-diversity-heritage-fellows-map.png,0.291511
0,american-ginseng.png,magazine_cemeteries-burials-american-landscape.png,folklife-screens-x/magazine_cemeteries-burials-american-landscape.png,0.222816
0,american-ginseng.png,magazine_china-ewenki-reindeer-herders.png,folklife-screens-x/magazine_china-ewenki-reindeer-herders.png,0.237373
0,american-ginseng.png,magazine_chocolate-ginseng-truffles.png,folklife-screens-x/magazine_chocolate-ginseng-truffles.png,0.287126
0,american-ginseng.png,magazine_chris-malone-sculpture.png,folklife-screens-x/magazine_chris-malone-sculpture.png,0.273934
0,american-ginseng.png,magazine_chris-strachwitz-tribute.png,folklife-screens-x/magazine_chris-strachwitz-tribute.png,0.284106
0,american-ginseng.png,magazine_cicada-folklore.png,folklife-screens-x/magazine_cicada-folklore.png,0.269895
0,american-ginseng.png,magazine_cleveland-slovenia-kurenti.png,folklife-screens-x/magazine_cleveland-slovenia-kurenti.png,0.256958
0,american-ginseng.png,magazine_clifton-chenier-archives.png,folklife-screens-x/magazine_clifton-chenier-archives.png,0.314152
0,american-ginseng.png,magazine_cloudy-origins-of-kombucha.png,folklife-screens-x/magazine_cloudy-origins-of-kombucha.png,0.270992
0,american-ginseng.png,magazine_connecting-past-present-through-film-mother-tongue.png,folklife-screens-x/magazine_connecting-past-present-through-film-mother-tongue.png,0.256852
0,american-ginseng.png,magazine_coptic-women-sing-too.png,folklife-screens-x/magazine_coptic-women-sing-too.png,0.272077
0,american-ginseng.png,magazine_cosplay-community.png,folklife-screens-x/magazine_cosplay-community.png,0.270417
0,american-ginseng.png,magazine_crisis-baul-west-bengal-oral-traditions.png,folklife-screens-x/magazine_crisis-baul-west-bengal-oral-traditions.png,0.284426
0,american-ginseng.png,magazine_crisis-carolyn-mazloomi-women-of-color-quilters-network-2020.png,folklife-screens-x/magazine_crisis-carolyn-mazloomi-women-of-color-quilters-network-2020.png,0.231701
0,american-ginseng.png,magazine_crisis-catalan-opera-greek-myth-refugee.png,folklife-screens-x/magazine_crisis-catalan-opera-greek-myth-refugee.png,0.264166
0,american-ginseng.png,magazine_crisis-changing-soundscapes-covid-19-pandemic.png,folklife-screens-x/magazine_crisis-changing-soundscapes-covid-19-pandemic.png,0.285820
0,american-ginseng.png,magazine_crisis-coronavirus-patachitra-scrolls-west-bengal-india.png,folklife-screens-x/magazine_crisis-coronavirus-patachitra-scrolls-west-bengal-india.png,0.244088
0,american-ginseng.png,magazine_crisis-cultural-sustainability-north-dakota-covid.png,folklife-screens-x/magazine_crisis-cultural-sustainability-north-dakota-covid.png,0.227502
0,american-ginseng.png,magazine_crisis-hire-a-mardi-gras-artist-house-floats.png,folklife-screens-x/magazine_crisis-hire-a-mardi-gras-artist-house-floats.png,0.223518
0,american-ginseng.png,magazine_crisis-navajo-nation-pandemic-response.png,folklife-screens-x/magazine_crisis-navajo-nation-pandemic-response.png,0.304122
0,american-ginseng.png,magazine_crisis-next-generation-creole-french.png,folklife-screens-x/magazine_crisis-next-generation-creole-french.png,0.262700
0,american-ginseng.png,magazine_crisis-revived-and-created-traditions-pandemic.png,folklife-screens-x/magazine_crisis-revived-and-created-traditions-pandemic.png,0.248315
0,american-ginseng.png,magazine_crisis-shared-journey-an-international-student-strives-for-contact-in-the-time-of-covid-19.png,folklife-screens-x/magazine_crisis-shared-journey-an-international-student-strives-for-contact-in-the-time-of-covid-19.png,0.228707
0,american-ginseng.png,magazine_croatian-folk-dance-united-states.png,folklife-screens-x/magazine_croatian-folk-dance-united-states.png,0.235717
0,american-ginseng.png,magazine_cuando-las-historias-sanan.png,folklife-screens-x/magazine_cuando-las-historias-sanan.png,0.281864
0,american-ginseng.png,magazine_culinary-tourism-in-palamos-catalonia.png,folklife-screens-x/magazine_culinary-tourism-in-palamos-catalonia.png,0.231469
0,american-ginseng.png,magazine_cultural-heritage-climate-conversation.png,folklife-screens-x/magazine_cultural-heritage-climate-conversation.png,0.223931
0,american-ginseng.png,magazine_cultural-sustainability-legacy-planning-project.png,folklife-screens-x/magazine_cultural-sustainability-legacy-planning-project.png,0.274668
0,american-ginseng.png,magazine_cultural-toll-cholera-epidemic-otavalo-ecuador.png,folklife-screens-x/magazine_cultural-toll-cholera-epidemic-otavalo-ecuador.png,0.230127
0,american-ginseng.png,magazine_culture-queens-north-carolina.png,folklife-screens-x/magazine_culture-queens-north-carolina.png,0.294571
0,american-ginseng.png,magazine_cultures-of-constraint-and-care-aimee-wissman.png,folklife-screens-x/magazine_cultures-of-constraint-and-care-aimee-wissman.png,0.253875
0,american-ginseng.png,magazine_dc-local.png,folklife-screens-x/magazine_dc-local.png,0.243400
0,american-ginseng.png,magazine_deanna-standingcloud.png,folklife-screens-x/magazine_deanna-standingcloud.png,0.298189
0,american-ginseng.png,magazine_deep-dive.png,folklife-screens-x/magazine_deep-dive.png,0.238643
0,american-ginseng.png,magazine_disability-culture-in-the-home-and-archive.png,folklife-screens-x/magazine_disability-culture-in-the-home-and-archive.png,0.251165
0,american-ginseng.png,magazine_dry-stone-walling-derbyshire-england.png,folklife-screens-x/magazine_dry-stone-walling-derbyshire-england.png,0.275620
0,american-ginseng.png,magazine_dynasty-center-los-angeles-chinatown.png,folklife-screens-x/magazine_dynasty-center-los-angeles-chinatown.png,0.242849
0,american-ginseng.png,magazine_easter-butter-lamb-buffalo.png,folklife-screens-x/magazine_easter-butter-lamb-buffalo.png,0.261189
0,american-ginseng.png,magazine_el-poder-de-bears-ears.png,folklife-screens-x/magazine_el-poder-de-bears-ears.png,0.292095
0,american-ginseng.png,magazine_elizabeth-cotten-laura-veirs-childrens-book.png,folklife-screens-x/magazine_elizabeth-cotten-laura-veirs-childrens-book.png,0.308080
0,american-ginseng.png,magazine_ella-jenkins-civil-rights.png,folklife-screens-x/magazine_ella-jenkins-civil-rights.png,0.283011
0,american-ginseng.png,magazine_facing-history-jim-mcdowell-black-potter.png,folklife-screens-x/magazine_facing-history-jim-mcdowell-black-potter.png,0.233964
0,american-ginseng.png,magazine_family-history-jewish-gombiner-diaspora.png,folklife-screens-x/magazine_family-history-jewish-gombiner-diaspora.png,0.228488
0,american-ginseng.png,magazine_family-quilts-mothers.png,folklife-screens-x/magazine_family-quilts-mothers.png,0.232918
0,american-ginseng.png,magazine_feminine-legacy-italian-frame-drum.png,folklife-screens-x/magazine_feminine-legacy-italian-frame-drum.png,0.244607
0,american-ginseng.png,magazine_first-lgbtq-mariachi-arcoiris-los-angeles.png,folklife-screens-x/magazine_first-lgbtq-mariachi-arcoiris-los-angeles.png,0.275559
0,american-ginseng.png,magazine_flotsam-farm-rural-ozarks-community.png,folklife-screens-x/magazine_flotsam-farm-rural-ozarks-community.png,0.259150
0,american-ginseng.png,magazine_folklore-of-census-enumerators.png,folklife-screens-x/magazine_folklore-of-census-enumerators.png,0.259246
0,american-ginseng.png,magazine_foodways-holidays-a-merry-varied-christmas-in-the-foreign-service.png,folklife-screens-x/magazine_foodways-holidays-a-merry-varied-christmas-in-the-foreign-service.png,0.362930
0,american-ginseng.png,magazine_foodways-holidays-a-welsh-christmas-in-july.png,folklife-screens-x/magazine_foodways-holidays-a-welsh-christmas-in-july.png,0.285952
0,american-ginseng.png,magazine_foodways-holidays-avko-aluke-kurdish-american-thanksgiving.png,folklife-screens-x/magazine_foodways-holidays-avko-aluke-kurdish-american-thanksgiving.png,0.300938
0,american-ginseng.png,magazine_foodways-holidays-for-the-perpetually-homesick-mango-cashew-galette.png,folklife-screens-x/magazine_foodways-holidays-for-the-perpetually-homesick-mango-cashew-galette.png,0.307543
0,american-ginseng.png,magazine_foodways-holidays-las-posadas.png,folklife-screens-x/magazine_foodways-holidays-las-posadas.png,0.260043
0,american-ginseng.png,magazine_foodways-holidays-lights-family-latkes-hanukkah-recipe.png,folklife-screens-x/magazine_foodways-holidays-lights-family-latkes-hanukkah-recipe.png,0.326465
0,american-ginseng.png,magazine_foodways-holidays-pavlova.png,folklife-screens-x/magazine_foodways-holidays-pavlova.png,0.324210
0,american-ginseng.png,magazine_foodways-holidays-risengrod-danish-rice-porridge.png,folklife-screens-x/magazine_foodways-holidays-risengrod-danish-rice-porridge.png,0.331125
0,american-ginseng.png,magazine_foodways-holidays-seven-layer-salad.png,folklife-screens-x/magazine_foodways-holidays-seven-layer-salad.png,0.281751
0,american-ginseng.png,magazine_foodways-holidays-spiced-ginseng-tea.png,folklife-screens-x/magazine_foodways-holidays-spiced-ginseng-tea.png,0.342386
0,american-ginseng.png,magazine_foodways-holidays-torta-filipino-christmas-cake.png,folklife-screens-x/magazine_foodways-holidays-torta-filipino-christmas-cake.png,0.335921
0,american-ginseng.png,magazine_foodways-holidays-trinidadian-pastelles.png,folklife-screens-x/magazine_foodways-holidays-trinidadian-pastelles.png,0.262715
0,american-ginseng.png,magazine_forklife-children-of-sticky-rice.png,folklife-screens-x/magazine_forklife-children-of-sticky-rice.png,0.300968
0,american-ginseng.png,magazine_forklife-cuban-pastel-de-pollo.png,folklife-screens-x/magazine_forklife-cuban-pastel-de-pollo.png,0.249058
0,american-ginseng.png,magazine_forklife-food-and-longing-armenian-diaspora.png,folklife-screens-x/magazine_forklife-food-and-longing-armenian-diaspora.png,0.259676
0,american-ginseng.png,magazine_forklife-swedish-potatis-korv-potato-sausage.png,folklife-screens-x/magazine_forklife-swedish-potatis-korv-potato-sausage.png,0.283159
0,american-ginseng.png,magazine_fostering-partnership-craft-institution-consortium.png,folklife-screens-x/magazine_fostering-partnership-craft-institution-consortium.png,0.269949
0,american-ginseng.png,magazine_frank-proschan-endowment.png,folklife-screens-x/magazine_frank-proschan-endowment.png,0.245326
0,american-ginseng.png,magazine_freedom-sounds-giving-voice-the-power-of-words-in-african-american-culture.png,folklife-screens-x/magazine_freedom-sounds-giving-voice-the-power-of-words-in-african-american-culture.png,0.250079
0,american-ginseng.png,magazine_george-washington-birthday-celebration-laredo-texas.png,folklife-screens-x/magazine_george-washington-birthday-celebration-laredo-texas.png,0.282500
0,american-ginseng.png,magazine_german-toymakers-erzgebirge.png,folklife-screens-x/magazine_german-toymakers-erzgebirge.png,0.229794
0,american-ginseng.png,magazine_glasgow-museum-repatriation-jamaican-galliwasp.png,folklife-screens-x/magazine_glasgow-museum-repatriation-jamaican-galliwasp.png,0.252994
0,american-ginseng.png,magazine_golden-age-air-museum-family-story.png,folklife-screens-x/magazine_golden-age-air-museum-family-story.png,0.269194
0,american-ginseng.png,magazine_good-medicine-meda-dewitt.png,folklife-screens-x/magazine_good-medicine-meda-dewitt.png,0.242637
0,american-ginseng.png,magazine_gretchen-gonzales-davidson.png,folklife-screens-x/magazine_gretchen-gonzales-davidson.png,0.294164
0,american-ginseng.png,magazine_guatemalan-family-marimba-traditions-maryland.png,folklife-screens-x/magazine_guatemalan-family-marimba-traditions-maryland.png,0.273146
0,american-ginseng.png,magazine_handshake-history-folklore.png,folklife-screens-x/magazine_handshake-history-folklore.png,0.270733
0,american-ginseng.png,magazine_hazel-dickens-life-of-work.png,folklife-screens-x/magazine_hazel-dickens-life-of-work.png,0.275309
0,american-ginseng.png,magazine_heartbeat-project-music-education-navajo-nation.png,folklife-screens-x/magazine_heartbeat-project-music-education-navajo-nation.png,0.288175
0,american-ginseng.png,magazine_hip-hop-indigena-latinoamericano.png,folklife-screens-x/magazine_hip-hop-indigena-latinoamericano.png,0.255333
0,american-ginseng.png,magazine_history-of-skiing-in-korea-from-bamboo-skis-to-the-olympic-games.png,folklife-screens-x/magazine_history-of-skiing-in-korea-from-bamboo-skis-to-the-olympic-games.png,0.266195
0,american-ginseng.png,magazine_history-saviors-hatfield-historical-museum.png,folklife-screens-x/magazine_history-saviors-hatfield-historical-museum.png,0.239978
0,american-ginseng.png,magazine_how-storytelling-heals-mother-tongue-film.png,folklife-screens-x/magazine_how-storytelling-heals-mother-tongue-film.png,0.274329
0,american-ginseng.png,magazine_illustrated-story-of-armenian-religious-practice.png,folklife-screens-x/magazine_illustrated-story-of-armenian-religious-practice.png,0.257523
0,american-ginseng.png,magazine_indigena-en-los-videojuegos.png,folklife-screens-x/magazine_indigena-en-los-videojuegos.png,0.268064
0,american-ginseng.png,magazine_indigenous-music-shared-stewardship.png,folklife-screens-x/magazine_indigenous-music-shared-stewardship.png,0.261922
0,american-ginseng.png,magazine_intergalactic-pachamama-kichwa-cosmology-vs-western-astrophysics.png,folklife-screens-x/magazine_intergalactic-pachamama-kichwa-cosmology-vs-western-astrophysics.png,0.238615
0,american-ginseng.png,magazine_international-oasis-festival-tozeur-tunisia-arabic.png,folklife-screens-x/magazine_international-oasis-festival-tozeur-tunisia-arabic.png,0.294762
0,american-ginseng.png,magazine_international-oasis-festival-tozeur-tunisia.png,folklife-screens-x/magazine_international-oasis-festival-tozeur-tunisia.png,0.287177
0,american-ginseng.png,magazine_ireland-storytelling.png,folklife-screens-x/magazine_ireland-storytelling.png,0.242683
0,american-ginseng.png,magazine_irish-banshee.png,folklife-screens-x/magazine_irish-banshee.png,0.253857
0,american-ginseng.png,magazine_jewish-environmentalism-text-tradition-activism.png,folklife-screens-x/magazine_jewish-environmentalism-text-tradition-activism.png,0.240613
0,american-ginseng.png,magazine_jewish-family-escape-from-holland.png,folklife-screens-x/magazine_jewish-family-escape-from-holland.png,0.237507
0,american-ginseng.png,magazine_jim-crow-museum-racist-objects-social-justice.png,folklife-screens-x/magazine_jim-crow-museum-racist-objects-social-justice.png,0.247385
0,american-ginseng.png,magazine_jose-jimenez-timber-framer-natural-built-environments.png,folklife-screens-x/magazine_jose-jimenez-timber-framer-natural-built-environments.png,0.261248
0,american-ginseng.png,magazine_keeper-of-the-violin.png,folklife-screens-x/magazine_keeper-of-the-violin.png,0.263907
0,american-ginseng.png,magazine_korean-happiness-screen-daughter.png,folklife-screens-x/magazine_korean-happiness-screen-daughter.png,0.268797
0,american-ginseng.png,magazine_korean-immigrant-names.png,folklife-screens-x/magazine_korean-immigrant-names.png,0.256686
0,american-ginseng.png,magazine_kulning-swedish-herding-calls.png,folklife-screens-x/magazine_kulning-swedish-herding-calls.png,0.257579
0,american-ginseng.png,magazine_kurdish-immigrant-karagoz-puppetry.png,folklife-screens-x/magazine_kurdish-immigrant-karagoz-puppetry.png,0.273994
0,american-ginseng.png,magazine_la-banda-mas-chingon-en-wyoming.png,folklife-screens-x/magazine_la-banda-mas-chingon-en-wyoming.png,0.245314
0,american-ginseng.png,magazine_la-esquina-latino-life-mount-pleasant-street-corner.png,folklife-screens-x/magazine_la-esquina-latino-life-mount-pleasant-street-corner.png,0.269731
0,american-ginseng.png,magazine_lagos-nigeria-art-fashion.png,folklife-screens-x/magazine_lagos-nigeria-art-fashion.png,0.261147
0,american-ginseng.png,magazine_lambeg-drums-northern-ireland.png,folklife-screens-x/magazine_lambeg-drums-northern-ireland.png,0.211897
0,american-ginseng.png,magazine_language-as-a-story-learning-irish-in-corca-dhuibhne.png,folklife-screens-x/magazine_language-as-a-story-learning-irish-in-corca-dhuibhne.png,0.288560
0,american-ginseng.png,magazine_language-builds-legacies-mother-tongue-film-festival.png,folklife-screens-x/magazine_language-builds-legacies-mother-tongue-film-festival.png,0.272978
0,american-ginseng.png,magazine_leap-day-origins-lore.png,folklife-screens-x/magazine_leap-day-origins-lore.png,0.267055
0,american-ginseng.png,magazine_legacy-filmmakers-mother-tongue-directors.png,folklife-screens-x/magazine_legacy-filmmakers-mother-tongue-directors.png,0.270072
0,american-ginseng.png,magazine_lessons-visual-anthropology-storytelling.png,folklife-screens-x/magazine_lessons-visual-anthropology-storytelling.png,0.283031
0,american-ginseng.png,magazine_lest-we-forget-united-arab-emirates.png,folklife-screens-x/magazine_lest-we-forget-united-arab-emirates.png,0.252061
0,american-ginseng.png,magazine_lumiere-collective-art-dubai.png,folklife-screens-x/magazine_lumiere-collective-art-dubai.png,0.285869
0,american-ginseng.png,magazine_maria-cristina-moroles-curandera.png,folklife-screens-x/magazine_maria-cristina-moroles-curandera.png,0.252459
0,american-ginseng.png,magazine_mariachi-opera-immigrant-story.png,folklife-screens-x/magazine_mariachi-opera-immigrant-story.png,0.283923
0,american-ginseng.png,magazine_marvin-sin-afrikan-diaspora.png,folklife-screens-x/magazine_marvin-sin-afrikan-diaspora.png,0.248087
0,american-ginseng.png,magazine_material-world.png,folklife-screens-x/magazine_material-world.png,0.249050
0,american-ginseng.png,magazine_millville-rose-art-industry.png,folklife-screens-x/magazine_millville-rose-art-industry.png,0.247804
0,american-ginseng.png,magazine_modern-passover-seder.png,folklife-screens-x/magazine_modern-passover-seder.png,0.284693
0,american-ginseng.png,magazine_mothman-point-pleasant-west-virginia.png,folklife-screens-x/magazine_mothman-point-pleasant-west-virginia.png,0.271396
0,american-ginseng.png,magazine_mtff-mother-tongue-film-festival-2023-highlights-themes.png,folklife-screens-x/magazine_mtff-mother-tongue-film-festival-2023-highlights-themes.png,0.294245
0,american-ginseng.png,magazine_multilingual-luxembourg.png,folklife-screens-x/magazine_multilingual-luxembourg.png,0.273496
0,american-ginseng.png,magazine_music-and-memory-at-la-bohemia.png,folklife-screens-x/magazine_music-and-memory-at-la-bohemia.png,0.243071
0,american-ginseng.png,magazine_music-video-playlist-indigenous-latin-american-hip-hop.png,folklife-screens-x/magazine_music-video-playlist-indigenous-latin-american-hip-hop.png,0.247280
0,american-ginseng.png,magazine_my-journey-as-a-stone-mason.png,folklife-screens-x/magazine_my-journey-as-a-stone-mason.png,0.257833
0,american-ginseng.png,magazine_mysterious-medicinal-economic-powers-american-ginseng.png,folklife-screens-x/magazine_mysterious-medicinal-economic-powers-american-ginseng.png,0.288096
0,american-ginseng.png,magazine_native-curator-ashley-minner.png,folklife-screens-x/magazine_native-curator-ashley-minner.png,0.259247
0,american-ginseng.png,magazine_native-land-leadership-climate-movement.png,folklife-screens-x/magazine_native-land-leadership-climate-movement.png,0.223438
0,american-ginseng.png,magazine_navy-veteran-jd-smith-art.png,folklife-screens-x/magazine_navy-veteran-jd-smith-art.png,0.235805
0,american-ginseng.png,magazine_new-mexico-suffrage-movement-corrido-de-la-votacion.png,folklife-screens-x/magazine_new-mexico-suffrage-movement-corrido-de-la-votacion.png,0.260828
0,american-ginseng.png,magazine_new-year-celebrations-losar-in-tibetan-village.png,folklife-screens-x/magazine_new-year-celebrations-losar-in-tibetan-village.png,0.224331
0,american-ginseng.png,magazine_new-york-sheep-wool-festival.png,folklife-screens-x/magazine_new-york-sheep-wool-festival.png,0.225729
0,american-ginseng.png,magazine_news-and-events.png,folklife-screens-x/magazine_news-and-events.png,0.248124
0,american-ginseng.png,magazine_nordic-skiing-through-pandemic.png,folklife-screens-x/magazine_nordic-skiing-through-pandemic.png,0.259706
0,american-ginseng.png,magazine_north-korea-home-hangul.png,folklife-screens-x/magazine_north-korea-home-hangul.png,0.296009
0,american-ginseng.png,magazine_performers-preserve-taiwanese-bodehi-glove-puppetry.png,folklife-screens-x/magazine_performers-preserve-taiwanese-bodehi-glove-puppetry.png,0.243588
0,american-ginseng.png,magazine_perspectives.png,folklife-screens-x/magazine_perspectives.png,0.239016
0,american-ginseng.png,magazine_photographic-justice-corky-lee-tribute.png,folklife-screens-x/magazine_photographic-justice-corky-lee-tribute.png,0.293909
0,american-ginseng.png,magazine_pocahontas-reframed-film-festival.png,folklife-screens-x/magazine_pocahontas-reframed-film-festival.png,0.283901
0,american-ginseng.png,magazine_porfirio-gutierrez-continuous-line.png,folklife-screens-x/magazine_porfirio-gutierrez-continuous-line.png,0.234558
0,american-ginseng.png,magazine_que-cine-lenguas-maternas.png,folklife-screens-x/magazine_que-cine-lenguas-maternas.png,0.274260
0,american-ginseng.png,magazine_quechua-women-weavers-peru.png,folklife-screens-x/magazine_quechua-women-weavers-peru.png,0.228741
0,american-ginseng.png,magazine_radical-lore-of-labor-day.png,folklife-screens-x/magazine_radical-lore-of-labor-day.png,0.247307
0,american-ginseng.png,magazine_ratmir-timashev-family-foundation.png,folklife-screens-x/magazine_ratmir-timashev-family-foundation.png,0.272311
0,american-ginseng.png,magazine_rebolu-new-york-colombia.png,folklife-screens-x/magazine_rebolu-new-york-colombia.png,0.261769
0,american-ginseng.png,magazine_reclamation-brazilian-heritage-identity.png,folklife-screens-x/magazine_reclamation-brazilian-heritage-identity.png,0.227906
0,american-ginseng.png,magazine_reflections-following-atlanta-massacre.png,folklife-screens-x/magazine_reflections-following-atlanta-massacre.png,0.281091
0,american-ginseng.png,magazine_restoring-a-national-treasure-stone-by-stone.png,folklife-screens-x/magazine_restoring-a-national-treasure-stone-by-stone.png,0.233682
0,american-ginseng.png,magazine_rigzin-karmic-knots-tibetan-jewelers-journey.png,folklife-screens-x/magazine_rigzin-karmic-knots-tibetan-jewelers-journey.png,0.261634
0,american-ginseng.png,magazine_rigzin-tibetan-khroskyabs-language.png,folklife-screens-x/magazine_rigzin-tibetan-khroskyabs-language.png,0.264028
0,american-ginseng.png,magazine_rigzin-traditional-tibetan-foods-nutrition-chinese.png,folklife-screens-x/magazine_rigzin-traditional-tibetan-foods-nutrition-chinese.png,0.271560
0,american-ginseng.png,magazine_rigzin-traditional-tibetan-foods-nutrition-tibetan.png,folklife-screens-x/magazine_rigzin-traditional-tibetan-foods-nutrition-tibetan.png,0.239831
0,american-ginseng.png,magazine_rigzin-traditional-tibetan-foods-nutrition.png,folklife-screens-x/magazine_rigzin-traditional-tibetan-foods-nutrition.png,0.277058
0,american-ginseng.png,magazine_rigzin-women-a-voice-that-heals-drukmo-gyal.png,folklife-screens-x/magazine_rigzin-women-a-voice-that-heals-drukmo-gyal.png,0.288417
0,american-ginseng.png,magazine_rijsttafel-dutch-indonesian-identities.png,folklife-screens-x/magazine_rijsttafel-dutch-indonesian-identities.png,0.246128
0,american-ginseng.png,magazine_roland-freeman-tribute.png,folklife-screens-x/magazine_roland-freeman-tribute.png,0.274836
0,american-ginseng.png,magazine_ronnie-simpkins-folkways-seldom-scene.png,folklife-screens-x/magazine_ronnie-simpkins-folkways-seldom-scene.png,0.276804
0,american-ginseng.png,magazine_salmon-fish-ins-pacific-northwest.png,folklife-screens-x/magazine_salmon-fish-ins-pacific-northwest.png,0.271551
0,american-ginseng.png,magazine_seed-saving-cultural-biodiversity.png,folklife-screens-x/magazine_seed-saving-cultural-biodiversity.png,0.234297
0,american-ginseng.png,magazine_series_crisis.png,folklife-screens-x/magazine_series_crisis.png,0.220355
0,american-ginseng.png,magazine_series_foodways-of-holidays.png,folklife-screens-x/magazine_series_foodways-of-holidays.png,0.235157
0,american-ginseng.png,magazine_series_forklife.png,folklife-screens-x/magazine_series_forklife.png,0.317569
0,american-ginseng.png,magazine_series_rigzin.png,folklife-screens-x/magazine_series_rigzin.png,0.289860
0,american-ginseng.png,magazine_series_stream-of-voices.png,folklife-screens-x/magazine_series_stream-of-voices.png,0.249490
0,american-ginseng.png,magazine_seven-sisters-and-the-web-of-threads-comic.png,folklife-screens-x/magazine_seven-sisters-and-the-web-of-threads-comic.png,0.234390
0,american-ginseng.png,magazine_shane-hendren-navajo-jewelry.png,folklife-screens-x/magazine_shane-hendren-navajo-jewelry.png,0.274849
0,american-ginseng.png,magazine_sights-and-sounds.png,folklife-screens-x/magazine_sights-and-sounds.png,0.251465
0,american-ginseng.png,magazine_slavic-witchcraft.png,folklife-screens-x/magazine_slavic-witchcraft.png,0.237224
0,american-ginseng.png,magazine_southern-crossroads-1996-olympics-atlanta.png,folklife-screens-x/magazine_southern-crossroads-1996-olympics-atlanta.png,0.264474
0,american-ginseng.png,magazine_steve-kaslov-romani-roosevelts.png,folklife-screens-x/magazine_steve-kaslov-romani-roosevelts.png,0.284402
0,american-ginseng.png,magazine_stream-of-voices-guatemala-maya-kaqchikel-language.png,folklife-screens-x/magazine_stream-of-voices-guatemala-maya-kaqchikel-language.png,0.283116
0,american-ginseng.png,magazine_stream-of-voices-iyasa-eboo-language-cameroon.png,folklife-screens-x/magazine_stream-of-voices-iyasa-eboo-language-cameroon.png,0.269479
0,american-ginseng.png,magazine_stream-of-voices-krenak-legacy-materials.png,folklife-screens-x/magazine_stream-of-voices-krenak-legacy-materials.png,0.265967
0,american-ginseng.png,magazine_stream-of-voices-master-apprentice-language-learning-program-manitoba.png,folklife-screens-x/magazine_stream-of-voices-master-apprentice-language-learning-program-manitoba.png,0.222208
0,american-ginseng.png,magazine_stream-of-voices-torwali-language-music-poetry-pakistan.png,folklife-screens-x/magazine_stream-of-voices-torwali-language-music-poetry-pakistan.png,0.245617
0,american-ginseng.png,magazine_sue-yeon-park-korean-american-dance.png,folklife-screens-x/magazine_sue-yeon-park-korean-american-dance.png,0.300545
0,american-ginseng.png,magazine_sufi-dance-mouled-festival-arabic.png,folklife-screens-x/magazine_sufi-dance-mouled-festival-arabic.png,0.276801
0,american-ginseng.png,magazine_sufi-dance-mouled-festival.png,folklife-screens-x/magazine_sufi-dance-mouled-festival.png,0.243539
0,american-ginseng.png,magazine_superhero-bali-kawiwitin-olih-krama.png,folklife-screens-x/magazine_superhero-bali-kawiwitin-olih-krama.png,0.249742
0,american-ginseng.png,magazine_suquamish-struggle-native-lands-indianola-washington.png,folklife-screens-x/magazine_suquamish-struggle-native-lands-indianola-washington.png,0.234044
0,american-ginseng.png,magazine_tan-nguyen-immigration.png,folklife-screens-x/magazine_tan-nguyen-immigration.png,0.255293
0,american-ginseng.png,magazine_the-power-of-bears-ears-and-indigenous-place-names.png,folklife-screens-x/magazine_the-power-of-bears-ears-and-indigenous-place-names.png,0.283880
0,american-ginseng.png,magazine_themes_art-design.png,folklife-screens-x/magazine_themes_art-design.png,0.229542
0,american-ginseng.png,magazine_themes_building-arts.png,folklife-screens-x/magazine_themes_building-arts.png,0.250820
0,american-ginseng.png,magazine_themes_by-our-interns.png,folklife-screens-x/magazine_themes_by-our-interns.png,0.311568
0,american-ginseng.png,magazine_themes_celebrations.png,folklife-screens-x/magazine_themes_celebrations.png,0.230966
0,american-ginseng.png,magazine_themes_community.png,folklife-screens-x/magazine_themes_community.png,0.242457
0,american-ginseng.png,magazine_themes_crafts.png,folklife-screens-x/magazine_themes_crafts.png,0.238999
0,american-ginseng.png,magazine_themes_cultural-sustainability.png,folklife-screens-x/magazine_themes_cultural-sustainability.png,0.250832
0,american-ginseng.png,magazine_themes_cultural-transmission.png,folklife-screens-x/magazine_themes_cultural-transmission.png,0.239262
0,american-ginseng.png,magazine_themes_dance.png,folklife-screens-x/magazine_themes_dance.png,0.255668
0,american-ginseng.png,magazine_themes_dress.png,folklife-screens-x/magazine_themes_dress.png,0.249531
0,american-ginseng.png,magazine_themes_education.png,folklife-screens-x/magazine_themes_education.png,0.247984
0,american-ginseng.png,magazine_themes_environment.png,folklife-screens-x/magazine_themes_environment.png,0.231427
0,american-ginseng.png,magazine_themes_foodways.png,folklife-screens-x/magazine_themes_foodways.png,0.221490
0,american-ginseng.png,magazine_themes_history.png,folklife-screens-x/magazine_themes_history.png,0.234676
0,american-ginseng.png,magazine_themes_immigration-migration.png,folklife-screens-x/magazine_themes_immigration-migration.png,0.230019
0,american-ginseng.png,magazine_themes_language.png,folklife-screens-x/magazine_themes_language.png,0.231166
0,american-ginseng.png,magazine_themes_music.png,folklife-screens-x/magazine_themes_music.png,0.245735
0,american-ginseng.png,magazine_themes_poetry.png,folklife-screens-x/magazine_themes_poetry.png,0.318569
0,american-ginseng.png,magazine_themes_religion-spirituality.png,folklife-screens-x/magazine_themes_religion-spirituality.png,0.227667
0,american-ginseng.png,magazine_themes_social-justice.png,folklife-screens-x/magazine_themes_social-justice.png,0.238465
0,american-ginseng.png,magazine_themes_sports-games.png,folklife-screens-x/magazine_themes_sports-games.png,0.246712
0,american-ginseng.png,magazine_themes_storytelling.png,folklife-screens-x/magazine_themes_storytelling.png,0.237741
0,american-ginseng.png,magazine_themes_traditional-knowledge.png,folklife-screens-x/magazine_themes_traditional-knowledge.png,0.231807
0,american-ginseng.png,magazine_themes_tribute.png,folklife-screens-x/magazine_themes_tribute.png,0.275271
0,american-ginseng.png,magazine_themes_work-life.png,folklife-screens-x/magazine_themes_work-life.png,0.232489
0,american-ginseng.png,magazine_this-land-is-whose-land-indian-country-settler-protest.png,folklife-screens-x/magazine_this-land-is-whose-land-indian-country-settler-protest.png,0.231763
0,american-ginseng.png,magazine_tibetan-linguists-training.png,folklife-screens-x/magazine_tibetan-linguists-training.png,0.279052
0,american-ginseng.png,magazine_tlingit-illustrator-michaela-goade.png,folklife-screens-x/magazine_tlingit-illustrator-michaela-goade.png,0.250431
0,american-ginseng.png,magazine_tradition-of-now-sunny-jain.png,folklife-screens-x/magazine_tradition-of-now-sunny-jain.png,0.277929
0,american-ginseng.png,magazine_traditional-contemporary-chinese-art-lucy-liu.png,folklife-screens-x/magazine_traditional-contemporary-chinese-art-lucy-liu.png,0.264545
0,american-ginseng.png,magazine_travels-yandong-grand-singers-china-mandarin.png,folklife-screens-x/magazine_travels-yandong-grand-singers-china-mandarin.png,0.230754
0,american-ginseng.png,magazine_travels-yandong-grand-singers-china.png,folklife-screens-x/magazine_travels-yandong-grand-singers-china.png,0.229847
0,american-ginseng.png,magazine_tribute-alen-margaryan-armenian-director.png,folklife-screens-x/magazine_tribute-alen-margaryan-armenian-director.png,0.258355
0,american-ginseng.png,magazine_ukrainian-refugee-storytelling.png,folklife-screens-x/magazine_ukrainian-refugee-storytelling.png,0.252995
0,american-ginseng.png,magazine_underground-railroad-quilt-codes.png,folklife-screens-x/magazine_underground-railroad-quilt-codes.png,0.280269
0,american-ginseng.png,magazine_venezuelan-music-light-in-darkness.png,folklife-screens-x/magazine_venezuelan-music-light-in-darkness.png,0.248104
0,american-ginseng.png,magazine_verna-gillis-ethnomusicologist.png,folklife-screens-x/magazine_verna-gillis-ethnomusicologist.png,0.269961
0,american-ginseng.png,magazine_veronica-castillo-tree-of-life-sculptures.png,folklife-screens-x/magazine_veronica-castillo-tree-of-life-sculptures.png,0.278433
0,american-ginseng.png,magazine_vietnamese-american-flag-monument.png,folklife-screens-x/magazine_vietnamese-american-flag-monument.png,0.255567
0,american-ginseng.png,magazine_virtual-mother-tongue-film-festival.png,folklife-screens-x/magazine_virtual-mother-tongue-film-festival.png,0.282390
0,american-ginseng.png,magazine_voices-of-deaf-culture-1981-folklife-festival.png,folklife-screens-x/magazine_voices-of-deaf-culture-1981-folklife-festival.png,0.256869
0,american-ginseng.png,magazine_we-will-outlive-them-yiddish-song-protest-slogan.png,folklife-screens-x/magazine_we-will-outlive-them-yiddish-song-protest-slogan.png,0.258281
0,american-ginseng.png,magazine_wesley-thomas-navajo-landscape-identity-spirituality.png,folklife-screens-x/magazine_wesley-thomas-navajo-landscape-identity-spirituality.png,0.259808
0,american-ginseng.png,magazine_what-is-a-mother-tongue-film.png,folklife-screens-x/magazine_what-is-a-mother-tongue-film.png,0.275654
0,american-ginseng.png,magazine_what-my-north-korean-friend-taught-me-about-home.png,folklife-screens-x/magazine_what-my-north-korean-friend-taught-me-about-home.png,0.285476
0,american-ginseng.png,magazine_where-life-hits-the-road-nomadic-culture.png,folklife-screens-x/magazine_where-life-hits-the-road-nomadic-culture.png,0.229063
0,american-ginseng.png,magazine_white-house-transitions.png,folklife-screens-x/magazine_white-house-transitions.png,0.317581
0,american-ginseng.png,magazine_winter-bonfire-biikebrennen-north-frisia.png,folklife-screens-x/magazine_winter-bonfire-biikebrennen-north-frisia.png,0.297182
0,american-ginseng.png,magazine_women-artisans-central-asia-lookbook.png,folklife-screens-x/magazine_women-artisans-central-asia-lookbook.png,0.268506
0,american-ginseng.png,magazine_women-artisans-central-asia-turkmenistan.png,folklife-screens-x/magazine_women-artisans-central-asia-turkmenistan.png,0.283423
0,american-ginseng.png,magazine_women-artisans-central-asia-uzbekistan.png,folklife-screens-x/magazine_women-artisans-central-asia-uzbekistan.png,0.255755
0,american-ginseng.png,magazine_women-irish-dance-costume-evolution.png,folklife-screens-x/magazine_women-irish-dance-costume-evolution.png,0.254798
0,american-ginseng.png,magazine_yiddish-language-diaspora.png,folklife-screens-x/magazine_yiddish-language-diaspora.png,0.229662
0,american-ginseng.png,magazine_yolo-art-center-syrian-refugees-turkiye.png,folklife-screens-x/magazine_yolo-art-center-syrian-refugees-turkiye.png,0.232060
0,american-ginseng.png,magazine_you-are-what-you-speak-or-are-you.png,folklife-screens-x/magazine_you-are-what-you-speak-or-are-you.png,0.286798
0,american-ginseng.png,mambetova.htm.png,folklife-screens-x/mambetova.htm.png,0.472564
0,american-ginseng.png,matusse.htm.png,folklife-screens-x/matusse.htm.png,0.472564
0,american-ginseng.png,mayormessage.htm.png,folklife-screens-x/mayormessage.htm.png,0.472564
0,american-ginseng.png,mccann.htm.png,folklife-screens-x/mccann.htm.png,0.472564
0,american-ginseng.png,mission-and-history.png,folklife-screens-x/mission-and-history.png,0.383019
0,american-ginseng.png,mission-and-history_cfch-strategic-plan_smithsonian.png,folklife-screens-x/mission-and-history_cfch-strategic-plan_smithsonian.png,0.383019
0,american-ginseng.png,mother-tongue-media.png,folklife-screens-x/mother-tongue-media.png,0.264406
0,american-ginseng.png,news-and-events_2019-mother-tongue-film-festival.png,folklife-screens-x/news-and-events_2019-mother-tongue-film-festival.png,0.270337
0,american-ginseng.png,news-and-events_2025-festival-preview.png,folklife-screens-x/news-and-events_2025-festival-preview.png,0.354526
0,american-ginseng.png,news-and-events_artisan-in-residence-asian-art.png,folklife-screens-x/news-and-events_artisan-in-residence-asian-art.png,0.280392
0,american-ginseng.png,news-and-events_bob-dole-tribute-world-war-ii-reunion.png,folklife-screens-x/news-and-events_bob-dole-tribute-world-war-ii-reunion.png,0.348012
0,american-ginseng.png,news-and-events_brazilian-culture-smithsonian-latino-initiative-internship-to-fellowship-program.png,folklife-screens-x/news-and-events_brazilian-culture-smithsonian-latino-initiative-internship-to-fellowship-program.png,0.320462
0,american-ginseng.png,news-and-events_communities-connecting-heritage-a-folklife-field-trip-to-india.png,folklife-screens-x/news-and-events_communities-connecting-heritage-a-folklife-field-trip-to-india.png,0.293692
0,american-ginseng.png,news-and-events_convocatoria-de-solicitudes-oaxaca.png,folklife-screens-x/news-and-events_convocatoria-de-solicitudes-oaxaca.png,0.240492
0,american-ginseng.png,news-and-events_curatorial-internship-opportunity.png,folklife-screens-x/news-and-events_curatorial-internship-opportunity.png,0.260291
0,american-ginseng.png,news-and-events_dig-into-american-ginseng-with-new-virtual-internship.png,folklife-screens-x/news-and-events_dig-into-american-ginseng-with-new-virtual-internship.png,0.328246
0,american-ginseng.png,news-and-events_digital-lecture-series-tibetan-cultural-heritage-professionals.png,folklife-screens-x/news-and-events_digital-lecture-series-tibetan-cultural-heritage-professionals.png,0.261263
0,american-ginseng.png,news-and-events_do-you-have-the-will-to-adorn-app.png,folklife-screens-x/news-and-events_do-you-have-the-will-to-adorn-app.png,0.344570
0,american-ginseng.png,news-and-events_festival-youth-building-trades.png,folklife-screens-x/news-and-events_festival-youth-building-trades.png,0.300047
0,american-ginseng.png,news-and-events_five-year-agreement-ichcap.png,folklife-screens-x/news-and-events_five-year-agreement-ichcap.png,0.295866
0,american-ginseng.png,news-and-events_folklife-curator-venice-biennale-architecture-symposium.png,folklife-screens-x/news-and-events_folklife-curator-venice-biennale-architecture-symposium.png,0.284055
0,american-ginseng.png,news-and-events_freedom-sounds-a-community-celebration-to-honor-national-museum-of-african-american-.png,folklife-screens-x/news-and-events_freedom-sounds-a-community-celebration-to-honor-national-museum-of-african-american-.png,0.281105
0,american-ginseng.png,news-and-events_friends-of-folkways-launch.png,folklife-screens-x/news-and-events_friends-of-folkways-launch.png,0.295839
0,american-ginseng.png,news-and-events_future-of-music-public-forum.png,folklife-screens-x/news-and-events_future-of-music-public-forum.png,0.296804
0,american-ginseng.png,news-and-events_guide-community-language-projects.png,folklife-screens-x/news-and-events_guide-community-language-projects.png,0.267356
0,american-ginseng.png,news-and-events_heritage-handicrafts-oaxaca.png,folklife-screens-x/news-and-events_heritage-handicrafts-oaxaca.png,0.250903
0,american-ginseng.png,news-and-events_kazakhstan-craft-exchange-program.png,folklife-screens-x/news-and-events_kazakhstan-craft-exchange-program.png,0.253096
0,american-ginseng.png,news-and-events_kazakhstan-cultural-heritage-fund.png,folklife-screens-x/news-and-events_kazakhstan-cultural-heritage-fund.png,0.251539
0,american-ginseng.png,news-and-events_language-content-creator-learning-series.png,folklife-screens-x/news-and-events_language-content-creator-learning-series.png,0.301842
0,american-ginseng.png,news-and-events_language-lodge-2025.png,folklife-screens-x/news-and-events_language-lodge-2025.png,0.331703
0,american-ginseng.png,news-and-events_lilly-endowment-grant.png,folklife-screens-x/news-and-events_lilly-endowment-grant.png,0.277832
0,american-ginseng.png,news-and-events_new-project-aims-to-sustain-bhutanese-weaving-traditions.png,folklife-screens-x/news-and-events_new-project-aims-to-sustain-bhutanese-weaving-traditions.png,0.312131
0,american-ginseng.png,news-and-events_new-projects-celebrate-cultural-heritage-through-exchanges.png,folklife-screens-x/news-and-events_new-projects-celebrate-cultural-heritage-through-exchanges.png,0.275348
0,american-ginseng.png,news-and-events_patrimonio-y-artesania-oaxaca.png,folklife-screens-x/news-and-events_patrimonio-y-artesania-oaxaca.png,0.241255
0,american-ginseng.png,news-and-events_rinzler-archives-renovation.png,folklife-screens-x/news-and-events_rinzler-archives-renovation.png,0.223111
0,american-ginseng.png,news-and-events_royal-textile-academy-bhutan-publications.png,folklife-screens-x/news-and-events_royal-textile-academy-bhutan-publications.png,0.298433
0,american-ginseng.png,news-and-events_sakha-youth-workshop-documentaries-language.png,folklife-screens-x/news-and-events_sakha-youth-workshop-documentaries-language.png,0.217394
0,american-ginseng.png,news-and-events_smithsonian-folklife-festival-beyond-the-mall-making-matters.png,folklife-screens-x/news-and-events_smithsonian-folklife-festival-beyond-the-mall-making-matters.png,0.317838
0,american-ginseng.png,news-and-events_social-power-of-music-concert-on-october-5-features-josh-white-jr-and-in-process.png,folklife-screens-x/news-and-events_social-power-of-music-concert-on-october-5-features-josh-white-jr-and-in-process.png,0.313786
0,american-ginseng.png,news-and-events_somvallbas-bilingual-online-exhibition-catalonia.png,folklife-screens-x/news-and-events_somvallbas-bilingual-online-exhibition-catalonia.png,0.273366
0,american-ginseng.png,news-and-events_sonya-cohen-cramer.png,folklife-screens-x/news-and-events_sonya-cohen-cramer.png,0.297408
0,american-ginseng.png,news-and-events_soul-of-tengri.png,folklife-screens-x/news-and-events_soul-of-tengri.png,0.280621
0,american-ginseng.png,news-and-events_storied-objects-online-exhibition.png,folklife-screens-x/news-and-events_storied-objects-online-exhibition.png,0.302243
0,american-ginseng.png,news-and-events_stream-of-voices-language-series.png,folklife-screens-x/news-and-events_stream-of-voices-language-series.png,0.289895
0,american-ginseng.png,news-and-events_tenth-mother-tongue-film-festival.png,folklife-screens-x/news-and-events_tenth-mother-tongue-film-festival.png,0.288994
0,american-ginseng.png,news-and-events_the-2020-folklife-festival-will-be-postponed.png,folklife-screens-x/news-and-events_the-2020-folklife-festival-will-be-postponed.png,0.339114
0,american-ginseng.png,news-and-events_tunisia-ich-symposium.png,folklife-screens-x/news-and-events_tunisia-ich-symposium.png,0.297269
0,american-ginseng.png,news-and-events_uplift-north-carolina-tourism.png,folklife-screens-x/news-and-events_uplift-north-carolina-tourism.png,0.291846
0,american-ginseng.png,news-and-events_urata-national-recording-registry.png,folklife-screens-x/news-and-events_urata-national-recording-registry.png,0.291864
0,american-ginseng.png,news-and-events_usaid-sustainable-tourism-tunisia.png,folklife-screens-x/news-and-events_usaid-sustainable-tourism-tunisia.png,0.274127
0,american-ginseng.png,news-and-events_women-artisans-central-asia.png,folklife-screens-x/news-and-events_women-artisans-central-asia.png,0.295387
0,american-ginseng.png,news-and-events_world-on-the-move-book.png,folklife-screens-x/news-and-events_world-on-the-move-book.png,0.353953
0,american-ginseng.png,nketia.htm.png,folklife-screens-x/nketia.htm.png,0.472564
0,american-ginseng.png,online-exhibitions_modern-islamic-ceramics_artists-spotlight-ahmet-sahin_smithsonian.png,folklife-screens-x/online-exhibitions_modern-islamic-ceramics_artists-spotlight-ahmet-sahin_smithsonian.png,0.289257
0,american-ginseng.png,online-exhibitions_modern-islamic-ceramics_artists-spotlight-ibrahim-erdeyer_smithsonian.png,folklife-screens-x/online-exhibitions_modern-islamic-ceramics_artists-spotlight-ibrahim-erdeyer_smithsonian.png,0.329337
0,american-ginseng.png,online-exhibitions_modern-islamic-ceramics_artists-spotlight-nurten-sahin_smithsonian.png,folklife-screens-x/online-exhibitions_modern-islamic-ceramics_artists-spotlight-nurten-sahin_smithsonian.png,0.320773
0,american-ginseng.png,online-exhibitions_modern-islamic-ceramics_smithsonian.png,folklife-screens-x/online-exhibitions_modern-islamic-ceramics_smithsonian.png,0.276870
0,american-ginseng.png,preface.htm.png,folklife-screens-x/preface.htm.png,0.472564
0,american-ginseng.png,press_smithsonian.png,folklife-screens-x/press_smithsonian.png,0.463462
0,american-ginseng.png,production-credits_smithsonian.png,folklife-screens-x/production-credits_smithsonian.png,0.450073
0,american-ginseng.png,prott.htm.png,folklife-screens-x/prott.htm.png,0.472564
0,american-ginseng.png,pualani.htm.png,folklife-screens-x/pualani.htm.png,0.472564
0,american-ginseng.png,puri.htm.png,folklife-screens-x/puri.htm.png,0.472564
0,american-ginseng.png,puwainchir.htm.png,folklife-screens-x/puwainchir.htm.png,0.472564
0,american-ginseng.png,research.png,folklife-screens-x/research.png,0.301623
0,american-ginseng.png,saunders.htm.png,folklife-screens-x/saunders.htm.png,0.472564
0,american-ginseng.png,seeger.htm.png,folklife-screens-x/seeger.htm.png,0.472564
0,american-ginseng.png,sethi.htm.png,folklife-screens-x/sethi.htm.png,0.472564
0,american-ginseng.png,shalaan.htm.png,folklife-screens-x/shalaan.htm.png,0.472564
0,american-ginseng.png,sherkin.htm.png,folklife-screens-x/sherkin.htm.png,0.472564
0,american-ginseng.png,simon.htm.png,folklife-screens-x/simon.htm.png,0.472564
0,american-ginseng.png,sino-tibetan-languages.png,folklife-screens-x/sino-tibetan-languages.png,0.387452
0,american-ginseng.png,sino-tibetan-languages_tib-.png,folklife-screens-x/sino-tibetan-languages_tib-.png,0.391540
0,american-ginseng.png,sino-tibetan-languages_zho-.png,folklife-screens-x/sino-tibetan-languages_zho-.png,0.398840
0,american-ginseng.png,smile.png,folklife-screens-x/smile.png,0.331639
0,american-ginseng.png,smithsonian-artisan-initiative_artisan-in-residence.png,folklife-screens-x/smithsonian-artisan-initiative_artisan-in-residence.png,0.243681
0,american-ginseng.png,smithsonian-artisan-initiative_heritage-handicrafts-oaxaca.png,folklife-screens-x/smithsonian-artisan-initiative_heritage-handicrafts-oaxaca.png,0.278224
0,american-ginseng.png,smithsonian-artisan-initiative_kazakhstan.png,folklife-screens-x/smithsonian-artisan-initiative_kazakhstan.png,0.352613
0,american-ginseng.png,staff_smithsonian.png,folklife-screens-x/staff_smithsonian.png,0.397923
0,american-ginseng.png,supporters.png,folklife-screens-x/supporters.png,0.380803
0,american-ginseng.png,talkstory_2014_asian-american-folklore-redefining-and-debating-meanings-and-methodologies.png,folklife-screens-x/talkstory_2014_asian-american-folklore-redefining-and-debating-meanings-and-methodologies.png,0.267357
0,american-ginseng.png,talkstory_2014_bhutan-folklife-festival-never-ends.png,folklife-screens-x/talkstory_2014_bhutan-folklife-festival-never-ends.png,0.253035
0,american-ginseng.png,talkstory_2014_five-on-the-black-hand-sideorigins-and-evolutions-of-the-dap.png,folklife-screens-x/talkstory_2014_five-on-the-black-hand-sideorigins-and-evolutions-of-the-dap.png,0.296591
0,american-ginseng.png,talkstory_2014_from-the-mall-to-maasailand-journey-of-a-warrior-shield.png,folklife-screens-x/talkstory_2014_from-the-mall-to-maasailand-journey-of-a-warrior-shield.png,0.295011
0,american-ginseng.png,talkstory_2014_intangible-cultural-heritage-an-international-dialogue.png,folklife-screens-x/talkstory_2014_intangible-cultural-heritage-an-international-dialogue.png,0.303748
0,american-ginseng.png,talkstory_2014_la-luz-and-the-lawless-ethnic-media-and-cultural-identity-in-1950s-american-cinema.png,folklife-screens-x/talkstory_2014_la-luz-and-the-lawless-ethnic-media-and-cultural-identity-in-1950s-american-cinema.png,0.299319
0,american-ginseng.png,talkstory_2014_managing-museums-through-crisis-and-conflict.png,folklife-screens-x/talkstory_2014_managing-museums-through-crisis-and-conflict.png,0.286849
0,american-ginseng.png,talkstory_2014_re-communalization-of-a-jamaican-kumina-drum.png,folklife-screens-x/talkstory_2014_re-communalization-of-a-jamaican-kumina-drum.png,0.307375
0,american-ginseng.png,talkstory_2014_stealing-ideas-folklore-and-education.png,folklife-screens-x/talkstory_2014_stealing-ideas-folklore-and-education.png,0.273690
0,american-ginseng.png,talkstory_2014_the-will-to-adorn-and-the-optics-of-identity.png,folklife-screens-x/talkstory_2014_the-will-to-adorn-and-the-optics-of-identity.png,0.283707
0,american-ginseng.png,talkstory_2014_working-with-peru-to-present-cultural-identity.png,folklife-screens-x/talkstory_2014_working-with-peru-to-present-cultural-identity.png,0.293014
0,american-ginseng.png,talkstory_2014_written-in-stone-master-stone-carver-and-letterer-nick-benson.png,folklife-screens-x/talkstory_2014_written-in-stone-master-stone-carver-and-letterer-nick-benson.png,0.245743
0,american-ginseng.png,talkstory_2015_architecture-of-recording-studios.png,folklife-screens-x/talkstory_2015_architecture-of-recording-studios.png,0.300119
0,american-ginseng.png,talkstory_2015_continuity-change-and-cultural-connections-african-diaspora-at-the-folklife-festival.png,folklife-screens-x/talkstory_2015_continuity-change-and-cultural-connections-african-diaspora-at-the-folklife-festival.png,0.262115
0,american-ginseng.png,talkstory_2015_object-oriented-a-welsh-apex-stone-connects-past-to-present.png,folklife-screens-x/talkstory_2015_object-oriented-a-welsh-apex-stone-connects-past-to-present.png,0.297872
0,american-ginseng.png,talkstory_2015_oh-come-all-ye-hungry-to-a-chinese-restaurant-on-christmas.png,folklife-screens-x/talkstory_2015_oh-come-all-ye-hungry-to-a-chinese-restaurant-on-christmas.png,0.315945
0,american-ginseng.png,talkstory_2015_on-fences-plazas-and-latino-urbanism-a-conversation-with-james-rojas.png,folklife-screens-x/talkstory_2015_on-fences-plazas-and-latino-urbanism-a-conversation-with-james-rojas.png,0.257525
0,american-ginseng.png,talkstory_2015_programming-performance-and-public-art-inclusion-through-intrusion.png,folklife-screens-x/talkstory_2015_programming-performance-and-public-art-inclusion-through-intrusion.png,0.275075
0,american-ginseng.png,talkstory_2015_silent-witnesses-the-buildings-of-chicagos-changing-communities.png,folklife-screens-x/talkstory_2015_silent-witnesses-the-buildings-of-chicagos-changing-communities.png,0.284219
0,american-ginseng.png,talkstory_2015_sounds-of-california-hearing-migration-through-music.png,folklife-screens-x/talkstory_2015_sounds-of-california-hearing-migration-through-music.png,0.255478
0,american-ginseng.png,talkstory_2015_the-blue-tablecloths-of-georgia-new-life-of-an-old-tradition.png,folklife-screens-x/talkstory_2015_the-blue-tablecloths-of-georgia-new-life-of-an-old-tradition.png,0.268535
0,american-ginseng.png,talkstory_2015_the-father-the-son-and-an-almost-holy-architectural-masterpiece-in-bangladesh.png,folklife-screens-x/talkstory_2015_the-father-the-son-and-an-almost-holy-architectural-masterpiece-in-bangladesh.png,0.310687
0,american-ginseng.png,talkstory_2015_traditional-homes-of-georgia-the-reason-to-be-proud.png,folklife-screens-x/talkstory_2015_traditional-homes-of-georgia-the-reason-to-be-proud.png,0.269261
0,american-ginseng.png,talkstory_2016_homegrown-healing-lessons-on-plants-in-traditional-medicine.png,folklife-screens-x/talkstory_2016_homegrown-healing-lessons-on-plants-in-traditional-medicine.png,0.277604
0,american-ginseng.png,talkstory_2016_honoring-the-amazon-a-rainforest-craft-activity-for-kids.png,folklife-screens-x/talkstory_2016_honoring-the-amazon-a-rainforest-craft-activity-for-kids.png,0.279543
0,american-ginseng.png,talkstory_2016_in-between-worlds-folklife-festival-vs-professional-theater.png,folklife-screens-x/talkstory_2016_in-between-worlds-folklife-festival-vs-professional-theater.png,0.294623
0,american-ginseng.png,talkstory_2016_jerusalem-program-goes-galactic.png,folklife-screens-x/talkstory_2016_jerusalem-program-goes-galactic.png,0.261866
0,american-ginseng.png,talkstory_2016_malama-honua-caring-for-our-earth-communities-traditional-knowledge.png,folklife-screens-x/talkstory_2016_malama-honua-caring-for-our-earth-communities-traditional-knowledge.png,0.276957
0,american-ginseng.png,talkstory_2016_tibetan-folklore-in-film-an-interview-with-shide-nyima.png,folklife-screens-x/talkstory_2016_tibetan-folklore-in-film-an-interview-with-shide-nyima.png,0.259301
0,american-ginseng.png,talkstory_2016_were-all-connected-lessons-from-the-folklife-festival.png,folklife-screens-x/talkstory_2016_were-all-connected-lessons-from-the-folklife-festival.png,0.331184
0,american-ginseng.png,talkstory_2017_a-date-to-paradise.png,folklife-screens-x/talkstory_2017_a-date-to-paradise.png,0.259551
0,american-ginseng.png,talkstory_2017_calligraphy-geometry-and-florals-design-motifs-in-kutahya-pottery.png,folklife-screens-x/talkstory_2017_calligraphy-geometry-and-florals-design-motifs-in-kutahya-pottery.png,0.299221
0,american-ginseng.png,talkstory_2017_finding-authentic-music-behind-bars.png,folklife-screens-x/talkstory_2017_finding-authentic-music-behind-bars.png,0.288159
0,american-ginseng.png,talkstory_2017_sounding-the-mother-tongue-tibetan-hip-hop-on-the-roof-of-the-world.png,folklife-screens-x/talkstory_2017_sounding-the-mother-tongue-tibetan-hip-hop-on-the-roof-of-the-world.png,0.293606
0,american-ginseng.png,talkstory_2017_the-downside-of-high-cultural-status-a-look-at-the-great-mosque-of-djenne.png,folklife-screens-x/talkstory_2017_the-downside-of-high-cultural-status-a-look-at-the-great-mosque-of-djenne.png,0.328253
0,american-ginseng.png,talkstory_2017_what-one-father-daughter-duo-can-teach-us-about-classical-azerbaijani-music.png,folklife-screens-x/talkstory_2017_what-one-father-daughter-duo-can-teach-us-about-classical-azerbaijani-music.png,0.321507
0,american-ginseng.png,talkstory_a-graveyard-resurrected-contrabands-freedmens-cemetery-alexandria-virginia.png,folklife-screens-x/talkstory_a-graveyard-resurrected-contrabands-freedmens-cemetery-alexandria-virginia.png,0.272549
0,american-ginseng.png,talkstory_a-moral-appeal-to-an-amoral-society-mlk-s-nonviolent-direct-action.png,folklife-screens-x/talkstory_a-moral-appeal-to-an-amoral-society-mlk-s-nonviolent-direct-action.png,0.281541
0,american-ginseng.png,talkstory_behind-the-scenes-of-the-civil-rights-history-project.png,folklife-screens-x/talkstory_behind-the-scenes-of-the-civil-rights-history-project.png,0.263094
0,american-ginseng.png,talkstory_first-person-storytelling-revisiting-mlks-living-legacy.png,folklife-screens-x/talkstory_first-person-storytelling-revisiting-mlks-living-legacy.png,0.305911
0,american-ginseng.png,talkstory_forklife-korean-fried-chicken-transnational-comfort-food.png,folklife-screens-x/talkstory_forklife-korean-fried-chicken-transnational-comfort-food.png,0.282072
0,american-ginseng.png,talkstory_graduating-in-the-navajo-way-navajo-technical-university.png,folklife-screens-x/talkstory_graduating-in-the-navajo-way-navajo-technical-university.png,0.290797
0,american-ginseng.png,talkstory_healing-herbs-folk-remedies-in-armenia.png,folklife-screens-x/talkstory_healing-herbs-folk-remedies-in-armenia.png,0.273860
0,american-ginseng.png,talkstory_la-cultura-cura-how-latinos-are-reclaiming-their-ancestral-diets.png,folklife-screens-x/talkstory_la-cultura-cura-how-latinos-are-reclaiming-their-ancestral-diets.png,0.246700
0,american-ginseng.png,talkstory_sustaining-cultural-life-of-kenya-in-a-conservancy.png,folklife-screens-x/talkstory_sustaining-cultural-life-of-kenya-in-a-conservancy.png,0.252071
0,american-ginseng.png,talkstory_swallowing-the-sun-folk-stories-about-the-solar-eclipse.png,folklife-screens-x/talkstory_swallowing-the-sun-folk-stories-about-the-solar-eclipse.png,0.333506
0,american-ginseng.png,talkstory_the-sound-of-life-what-is-a-soundscape.png,folklife-screens-x/talkstory_the-sound-of-life-what-is-a-soundscape.png,0.261021
0,american-ginseng.png,talkstory_tibetan-wall-building-songs.png,folklife-screens-x/talkstory_tibetan-wall-building-songs.png,0.349248
0,american-ginseng.png,talkstory_viejo-el-viento-remembering-al-hurricane.png,folklife-screens-x/talkstory_viejo-el-viento-remembering-al-hurricane.png,0.287984
0,american-ginseng.png,the-smithsonian-folklife-and-oral-history-interviewing-guide_smithsonian.png,folklife-screens-x/the-smithsonian-folklife-and-oral-history-interviewing-guide_smithsonian.png,0.366388
0,american-ginseng.png,themes_donor-spotlight.png,folklife-screens-x/themes_donor-spotlight.png,0.323400
0,american-ginseng.png,thomas.htm.png,folklife-screens-x/thomas.htm.png,0.472564
0,american-ginseng.png,tora.htm.png,folklife-screens-x/tora.htm.png,0.472564
0,american-ginseng.png,video-production-handbook_smithsonian.png,folklife-screens-x/video-production-handbook_smithsonian.png,0.348316
0,american-ginseng.png,will-to-adorn.png,folklife-screens-x/will-to-adorn.png,0.363543
0,american-ginseng.png,www.folklife.si.edu_online-exhibitions_modern-islamic-ceramics_artists-spotlight-ahmet-sahin_smithso.png,folklife-screens-x/www.folklife.si.edu_online-exhibitions_modern-islamic-ceramics_artists-spotlight-ahmet-sahin_smithso.png,0.472564
0,american-ginseng.png,www.folklife.si.edu_online-exhibitions_modern-islamic-ceramics_artists-spotlight-mehmet-gursoy_smith.png,folklife-screens-x/www.folklife.si.edu_online-exhibitions_modern-islamic-ceramics_artists-spotlight-mehmet-gursoy_smith.png,0.472564
0,american-ginseng.png,www.folklife.si.edu_online-exhibitions_modern-islamic-ceramics_artists-spotlight-nurten-sahin_smiths.png,folklife-screens-x/www.folklife.si.edu_online-exhibitions_modern-islamic-ceramics_artists-spotlight-nurten-sahin_smiths.png,0.472564
0,american-ginseng.png,yamaguti.htm.png,folklife-screens-x/yamaguti.htm.png,0.472564
0,american-ginseng.png,yugar.htm.png,folklife-screens-x/yugar.htm.png,0.472564
0,american-ginseng.png,yugar_eng.htm.png,folklife-screens-x/yugar_eng.htm.png,0.472564
1,american-ginseng-stories.png,american-ginseng-stories.png,folklife-screens-x/american-ginseng-stories.png,0.000000
2,cultural-sustainability_my-armenia_smithsonian.png,cultural-sustainability_my-armenia_smithsonian.png,folklife-screens-x/cultural-sustainability_my-armenia_smithsonian.png,0.000000
3,resources_unesco_index.htm.png,resources_unesco_index.htm.png,folklife-screens-x/resources_unesco_index.htm.png,0.000000
